{
  "n": 250,
  "k": 20,
  "cap": 100,
  "seed": 42,
  "tw": false,
  "sa_time": 0.0,
  "lambda_tw": 0.0,
  "mu_fair": 0.0,
  "no_local": false,
  "tag": "",
  "stamp": false,
  "cost": 2390.4386800689026,
  "runtime_sec": 0.18179655075073242,
  "routes": [
    [
      0,
      147,
      159,
      17,
      67,
      74,
      239,
      16,
      79,
      7,
      114,
      0
    ],
    [
      0,
      12,
      37,
      146,
      35,
      105,
      106,
      53,
      183,
      168,
      198,
      0
    ],
    [
      0,
      51,
      132,
      63,
      149,
      19,
      95,
      23,
      1,
      220,
      244,
      0
    ],
    [
      0,
      56,
      117,
      174,
      166,
      91,
      222,
      145,
      218,
      70,
      134,
      0
    ],
    [
      0,
      76,
      171,
      163,
      90,
      246,
      77,
      177,
      78,
      121,
      87,
      0
    ],
    [
      0,
      110,
      227,
      131,
      101,
      94,
      153,
      250,
      231,
      122,
      130,
      0
    ],
    [
      0,
      206,
      223,
      178,
      109,
      96,
      113,
      225,
      190,
      107,
      207,
      0
    ],
    [
      0,
      217,
      240,
      155,
      3,
      42,
      173,
      10,
      47,
      0
    ],
    [
      0,
      24,
      248,
      108,
      82,
      34,
      236,
      21,
      30,
      194,
      0
    ],
    [
      0,
      151,
      137,
      40,
      162,
      164,
      55,
      136,
      65,
      44,
      216,
      0
    ],
    [
      0,
      133,
      20,
      2,
      158,
      169,
      214,
      238,
      135,
      92,
      157,
      141,
      235,
      0
    ],
    [
      0,
      196,
      247,
      64,
      103,
      97,
      86,
      72,
      41,
      99,
      8,
      0
    ],
    [
      0,
      230,
      243,
      61,
      112,
      73,
      119,
      139,
      81,
      13,
      179,
      242,
      201,
      0
    ],
    [
      0,
      93,
      4,
      71,
      28,
      66,
      170,
      180,
      104,
      52,
      84,
      188,
      228,
      0
    ],
    [
      0,
      18,
      229,
      148,
      161,
      128,
      68,
      211,
      5,
      234,
      0
    ],
    [
      0,
      31,
      102,
      15,
      182,
      175,
      83,
      167,
      124,
      150,
      0
    ],
    [
      0,
      46,
      185,
      210,
      140,
      62,
      116,
      204,
      60,
      50,
      115,
      221,
      45,
      193,
      0
    ],
    [
      0,
      152,
      241,
      143,
      32,
      138,
      165,
      226,
      0
    ],
    [
      0,
      176,
      26,
      184,
      120,
      197,
      187,
      213,
      22,
      0
    ],
    [
      0,
      69,
      215,
      36,
      11,
      29,
      80,
      59,
      127,
      0
    ]
  ]
}